XCOORD,YCOORD
-78.119400,37.274710
-77.907387,37.369003
-77.986600,37.343800
-77.954100,37.360960
-77.913860,36.838100
-77.847150,36.759470
-77.221290,37.343020
-77.071270,37.343870
-77.137070,37.439560
-77.424220,37.401420
-77.393300,37.312700
-77.338755,37.361885
-77.343988,37.359194
-77.441420,37.450380
-77.440600,37.446570
-77.439210,37.436200
-77.436200,37.416390
-77.434150,37.408932
-77.431680,37.399850
-77.430060,37.395650
-77.427510,37.390890
-77.417360,37.367880
-77.414720,37.358330
-77.413340,37.355040
-77.412360,37.352470
-77.411300,37.349610
-77.408340,37.313300
-77.408340,37.313300
-77.408790,37.307340
-77.408930,37.305460
-77.411650,37.286330
-77.486680,37.454430
-77.487930,37.445390
-77.489030,37.443660
-77.490720,37.433570
-77.492540,37.429050
-77.502310,37.410090
-77.511620,37.398890
-77.515530,37.387070
-77.515050,37.382580
-77.508360,37.375940
-77.504620,37.375310
-77.502120,37.373640
-77.500660,37.370640
-77.498409,37.363706
-77.494340,37.354080
-77.485730,37.353110
-77.480480,37.352480
-77.458410,37.350920
-77.447900,37.355320
-77.446200,37.356130
-77.441990,37.357510
-77.437950,37.359440
-77.431370,37.359270
-77.415900,37.355340
-77.396630,37.353600
-77.365210,37.349560
-77.350390,37.347370
-77.343020,37.345980
-77.326070,37.333750
-77.306060,37.319240
-77.427860,37.239100
-77.433420,37.238900
-77.483300,37.230900
-77.529400,37.500570
-77.527700,37.500860
-77.534210,37.499910
-77.537150,37.499160
-77.540500,37.498460
-77.545140,37.497610
-77.546970,37.497000
-77.553740,37.495650
-77.556160,37.495280
-77.567340,37.497410
-77.569180,37.498240
-77.571510,37.499980
-77.576410,37.503600
-77.579570,37.505920
-77.586560,37.506690
-77.593900,37.506890
-77.598080,37.506470
-77.602690,37.506000
-77.606590,37.505790
-77.608900,37.505330
-77.611520,37.505070
-77.617800,37.504700
-77.628000,37.503210
-77.640330,37.502630
-77.650870,37.503470
-77.651710,37.503580
-77.658620,37.505180
-77.662290,37.506070
-77.677350,37.508350
-77.696973,37.511583
-77.716730,37.504630
-77.654410,37.460590
-77.453340,37.380770
-77.442830,37.331690
-77.463300,37.380000
-77.489800,37.376197
-77.445610,37.394830
-77.562320,37.537470
-77.564720,37.536140
-77.591700,37.533170
-77.595560,37.530650
-77.603390,37.524910
-77.607260,37.523860
-77.611840,37.522200
-77.615980,37.517590
-77.614100,37.511010
-77.612870,37.508140
-77.498783,37.461387
-77.646471,37.470107
-77.648472,37.468412
-77.516050,37.478380
-77.518750,37.476800
-77.525100,37.472940
-77.531000,37.469260
-77.535760,37.466510
-77.546880,37.459550
-77.567370,37.447820
-77.578420,37.444380
-77.581310,37.443470
-77.584800,37.442360
-77.588010,37.441370
-77.593740,37.439510
-77.598200,37.437940
-77.600370,37.437190
-77.609830,37.433910
-77.618660,37.430480
-77.623670,37.428310
-77.637200,37.420640
-77.640283,37.417701
-77.648350,37.411730
-77.656030,37.407880
-77.661440,37.405320
-77.664300,37.404250
-77.670410,37.404010
-77.674785,37.403795
-77.679187,37.403413
-77.683060,37.403330
-77.698955,37.401384
-77.708261,37.398771
-77.777160,37.394430
-77.564550,37.406370
-77.565220,37.407780
-77.566410,37.410490
-77.566720,37.411780
-77.581820,37.423780
-77.583280,37.430640
-77.592180,37.433120
-77.686530,37.442700
-77.649430,37.449830
-77.627420,37.449530
-77.664170,37.447920
-77.667920,37.445876
-77.661340,37.449194
-77.479230,37.404443
-77.395920,37.313600
-77.472610,37.442360
-77.472550,37.441680
-77.472730,37.440400
-77.472910,37.438190
-77.471130,37.424030
-77.450070,37.436970
-77.532530,37.462250
-77.522770,37.467810
-77.563460,37.473600
-77.580070,37.486380
-77.535070,37.492270
-77.511280,37.454820
-77.534260,37.485760
-77.610299,37.418623
-77.607890,37.499200
-77.605920,37.496400
-77.596510,37.490350
-77.597920,37.484740
-77.596680,37.473760
-77.593350,37.463730
-77.594410,37.468510
-77.591760,37.460770
-77.583900,37.448370
-77.581670,37.441110
-77.539780,37.484020
-77.641300,37.499450
-77.655000,37.492680
-77.660600,37.492060
-77.581730,37.507290
-77.585020,37.508960
-77.590890,37.514070
-77.598390,37.517460
-77.605860,37.520190
-77.551120,37.482560
-77.561370,37.534660
-77.554720,37.516920
-77.552720,37.509660
-77.529500,37.516180
-77.531880,37.517540
-77.615600,37.523430
-77.625050,37.527710
-77.636540,37.536220
-77.653100,37.547210
-77.572720,37.520109
-77.564610,37.522889
-77.654113,37.457243
-77.610200,37.511940
-77.606866,37.511851
-77.665050,37.523890
-77.656300,37.468160
-77.596930,37.500300
-77.716510,36.981510
-77.455390,37.214540
-77.487340,37.183190
-77.472400,37.191970
-77.474250,37.190366
-77.467390,37.196040
-77.458740,37.214350
-77.495241,37.189767
-77.509260,37.193690
-77.504140,37.193204
-77.512210,37.193802
-77.523335,37.195784
-77.459400,37.185480
-77.879850,37.667256
-77.882470,37.670271
-77.881690,37.668910
-77.887650,37.693360
-77.669130,37.681840
-77.687604,37.671109
-77.787860,37.704840
-77.675100,37.668380
-77.672460,37.636470
-77.462210,37.686740
-77.461770,37.681840
-77.474250,37.819350
-77.473450,37.821443
-77.467720,37.714590
-77.464800,37.845680
-77.447790,37.846920
-77.443980,37.848390
-77.584359,37.732092
-77.519790,37.778660
-77.317350,37.590430
-77.331640,37.601430
-77.347460,37.599270
-77.368300,37.601020
-77.636710,37.709740
-77.637990,37.711954
-77.420420,37.641860
-77.407670,37.647520
-77.405340,37.648290
-77.403130,37.649440
-77.399360,37.650880
-77.386370,37.658260
-77.380690,37.676860
-77.383760,37.694900
-77.374060,37.602490
-77.372100,37.604080
-77.382710,37.595420
-77.377480,37.598880
-77.370200,37.602570
-77.355050,37.609740
-77.353000,37.610640
-77.349720,37.611030
-77.343310,37.611290
-77.339280,37.612060
-77.334070,37.613040
-77.327220,37.614370
-77.298090,37.627240
-77.298080,37.627160
-77.264500,37.638340
-77.246190,37.646750
-77.389120,37.624110
-77.385088,37.627000
-77.377210,37.628470
-77.356539,37.633339
-77.336650,37.636970
-77.440020,37.691410
-77.438280,37.689710
-77.407678,37.657835
-77.383770,37.652190
-77.355434,37.605355
-77.453170,37.719340
-77.524060,37.604920
-77.457000,37.611520
-77.362210,37.532940
-77.360140,37.530810
-77.555550,37.623270
-77.454860,37.604860
-77.457180,37.617610
-77.457780,37.622620
-77.458400,37.628060
-77.458758,37.632335
-77.459280,37.635080
-77.459630,37.637980
-77.460200,37.644140
-77.460117,37.642091
-77.459860,37.653000
-77.460680,37.665950
-77.460957,37.668473
-77.460780,37.671350
-77.460849,37.674086
-77.461128,37.676241
-77.383010,37.465700
-77.384730,37.467379
-77.370870,37.454260
-77.351410,37.444280
-77.534670,37.592670
-77.548950,37.593670
-77.566380,37.594630
-77.575860,37.595250
-77.583400,37.595660
-77.594540,37.596260
-77.607080,37.596940
-77.617780,37.597510
-77.389800,37.543870
-77.386270,37.542710
-77.381750,37.541410
-77.376970,37.540770
-77.372250,37.542510
-77.369970,37.544230
-77.366420,37.545750
-77.364620,37.546300
-77.354209,37.549858
-77.343100,37.551080
-77.327660,37.546000
-77.319470,37.537360
-77.302690,37.520430
-77.492260,37.583150
-77.491550,37.585810
-77.492460,37.588780
-77.493180,37.591150
-77.493180,37.592600
-77.490930,37.601130
-77.491750,37.603340
-77.494970,37.607210
-77.496830,37.613620
-77.497790,37.615360
-77.499630,37.618500
-77.503150,37.622300
-77.504630,37.626420
-77.508320,37.632430
-77.509900,37.634990
-77.513924,37.639103
-77.516130,37.641170
-77.518300,37.645260
-77.522560,37.655550
-77.525140,37.658966
-77.536490,37.672990
-77.542297,37.685722
-77.377830,37.518370
-77.354190,37.517870
-77.349940,37.517230
-77.342860,37.517850
-77.340700,37.517920
-77.328220,37.521200
-77.313410,37.523020
-77.312640,37.522820
-77.261590,37.507690
-77.240380,37.510010
-77.236110,37.510689
-77.456540,37.635300
-77.535230,37.568080
-77.575830,37.572740
-77.309920,37.543870
-77.328430,37.523820
-77.562190,37.662800
-77.560540,37.648910
-77.564104,37.637820
-77.574310,37.627900
-77.578690,37.607360
-77.590450,37.607380
-77.591100,37.603570
-77.559250,37.643010
-77.467400,37.603880
-77.470730,37.616870
-77.480320,37.575380
-77.496760,37.584220
-77.501400,37.588000
-77.503870,37.590010
-77.510740,37.595650
-77.513010,37.597550
-77.514520,37.600360
-77.514938,37.602053
-77.518210,37.608290
-77.519650,37.610720
-77.520850,37.613370
-77.521630,37.614490
-77.523150,37.617390
-77.524380,37.619660
-77.526720,37.622090
-77.532050,37.626680
-77.535530,37.629930
-77.539760,37.632280
-77.544840,37.634330
-77.546590,37.635190
-77.549930,37.636370
-77.555840,37.638720
-77.560670,37.640660
-77.564720,37.642340
-77.568870,37.643990
-77.572760,37.645420
-77.575360,37.645760
-77.583100,37.646740
-77.586480,37.647360
-77.596000,37.648530
-77.599840,37.649110
-77.604330,37.649740
-77.607610,37.650440
-77.611710,37.651440
-77.615964,37.652244
-77.621240,37.653300
-77.625528,37.655385
-77.629062,37.656930
-77.632870,37.658470
-77.611200,37.653340
-77.612770,37.661865
-77.615540,37.672993
-77.623942,37.684876
-77.449980,37.605700
-77.447300,37.609680
-77.434600,37.628950
-77.429830,37.634740
-77.424290,37.640320
-77.473780,37.616660
-77.490560,37.614210
-77.408960,37.557570
-77.408160,37.558710
-77.403960,37.565230
-77.400850,37.569760
-77.399250,37.572500
-77.398130,37.574120
-77.395890,37.577390
-77.393620,37.580340
-77.340190,37.498842
-78.227390,36.994890
-78.125260,36.962210
-78.124250,36.963330
-78.126760,36.960500
-78.540000,36.634830
-78.539990,36.634830
-78.556480,36.624740
-78.554940,36.655439
-78.458688,36.799209
-78.460040,36.802460
-78.117000,36.715710
-78.387700,36.670888
-78.387280,36.674495
-78.107700,36.708900
-78.095080,36.701730
-78.089320,36.699486
-77.190536,37.514329
-76.874160,37.501120
-76.826540,37.523820
-77.192530,37.510810
-77.044060,37.442470
-77.129900,37.480960
-78.122565,37.172451
-78.125400,37.175161
-78.216170,37.190372
-78.124410,37.175868
-77.943810,37.548039
-77.941600,37.550752
-77.884330,37.537820
-77.805649,37.517877
-77.823150,37.522450
-77.851200,37.529280
-78.036710,37.566520
-77.774493,37.511573
-77.941050,37.555430
-77.791915,37.514482
-77.688036,37.559026
-77.692090,37.559401
-77.669146,37.554581
-77.238670,37.284750
-77.225780,37.286490
-77.221950,37.286133
-77.335263,37.254865
-77.333660,37.256040
-77.350900,37.244270
-77.391100,37.220790
-77.392500,37.216890
-77.263900,37.233750
-77.299640,37.223240
-77.285660,37.222080
-77.366350,37.251640
-77.347300,37.257870
-77.278800,37.155351
-77.275350,37.156020
-77.320320,37.184970
-77.316110,37.182247
-77.319026,37.254275
-77.663208,37.460807
-77.498569,37.616972
-77.530590,37.665663
-77.382771,37.518185
-77.514230,38.015700
-77.515020,38.017540
-77.515590,38.019457
-77.479240,37.928500
-77.480000,37.931230
-77.480570,37.933764
-77.350580,38.055680
-77.344880,38.057986
-77.468740,37.937080
-77.371300,37.835127
-77.369390,37.834510
-77.367270,37.833772
-77.199780,38.163880
-77.201180,38.161832
-76.866760,37.903300
-76.865640,37.905350
-76.859020,37.923790
-76.858440,37.928960
-76.498900,37.253230
-76.500440,37.276550
-76.509500,37.291100
-76.510940,37.295420
-76.513030,37.311570
-76.513420,37.316470
-76.534030,37.384870
-76.529800,37.391520
-76.539580,37.414950
-76.542230,37.417010
-76.577170,37.438260
-76.612530,37.565600
-76.520130,37.412220
-76.531250,37.415286
-77.165240,38.257330
-77.204110,38.276300
-77.150540,38.235279
-77.150200,38.239080
-77.148900,38.241642
-77.143490,38.261657
-77.143700,38.264990
-77.142320,38.268194
-77.084150,38.335650
-77.072460,38.341270
-77.075500,38.339750
-77.081500,38.336778
-76.792170,37.626314
-76.795020,37.629050
-77.056050,37.803320
-76.799400,37.536990
-76.797890,37.537490
-77.133270,37.745120
-77.132350,37.746563
-77.104880,37.785880
-76.389230,37.648600
-76.384680,37.719900
-76.382590,37.717650
-76.379900,37.709690
-76.515000,37.777320
-76.512060,37.778286
-76.566250,37.601510
-76.595130,37.606290
-76.566250,37.601510
-76.566250,37.601510
-76.559900,37.969610
-76.275430,37.852651
-76.728850,37.997410
-76.748740,37.950920
-76.757930,37.958510
-76.776720,37.961280
-76.799750,37.965380
-77.497670,38.255490
-77.499040,38.244540
-77.499160,38.241710
-77.500400,38.237160
-77.500470,38.237190
-77.501900,38.235050
-77.504910,38.229600
-77.509210,38.193270
-77.521540,38.133640
-77.519500,38.133250
-77.495150,38.257140
-77.495510,38.264240
-77.492210,38.263460
-76.410680,37.099690
-76.419500,37.102532
-76.429340,37.106126
-76.438290,37.109182
-76.444240,37.113172
-76.450650,37.119280
-76.456130,37.125122
-76.469320,37.112899
-76.470350,37.114933
-76.463590,37.116956
-76.460000,37.117657
-76.432540,37.122298
-76.419720,37.123161
-76.410260,37.124818
-76.458180,37.102165
-76.456560,37.105377
-76.456320,37.110664
-76.456820,37.118211
-76.457180,37.120619
-76.458440,37.126245
-76.456480,37.140460
-76.456480,37.140460
-76.456760,37.140390
-76.458410,37.145336
-76.458860,37.147806
-76.461670,37.155829
-76.463630,37.160580
-76.463700,37.160625
-76.466280,37.165734
-76.473110,37.171084
-76.474940,37.172970
-76.463040,37.185219
-76.462020,37.186441
-76.479060,37.177412
-76.487480,37.190178
-76.490130,37.194526
-76.492630,37.197455
-76.515200,37.223800
-76.547770,37.232003
-76.641028,37.262919
-76.660800,37.251091
-76.675320,37.265717
-76.677400,37.269100
-76.679600,37.271900
-76.661700,37.250556
-76.659490,37.248120
-76.658000,37.246363
-76.655650,37.243575
-76.650300,37.240100
-76.647900,37.239550
-76.636660,37.236894
-76.632980,37.236098
-76.616012,37.210063
-76.598908,37.207875
-76.682430,37.246918
-76.702140,37.248471
-76.727640,37.250503
-76.731340,37.254214
-76.738300,37.259962
-76.741940,37.259525
-76.765690,37.252140
-76.762950,37.239542
-76.786930,37.253868
-76.821198,37.255637
-76.861727,37.261470
-76.805002,37.263178
-76.758130,37.268576
-76.759520,37.269528
-76.757780,37.269975
-76.755112,37.271277
-76.752210,37.272851
-76.749208,37.275027
-76.747510,37.276298
-76.745303,37.276633
-76.420380,37.276545
-76.738710,37.276049
-76.724920,37.279682
-76.739090,37.274332
-76.738053,37.279410
-76.734080,37.288585
-76.744000,37.298429
-76.746060,37.299129
-76.749707,37.301155
-76.752150,37.306498
-76.685200,37.301996
-76.686610,37.295911
-76.700860,37.284291
-76.716280,37.285153
-76.729750,37.312985
-76.732460,37.312597
-76.733510,37.316107
-76.735270,37.318957
-76.736030,37.320682
-76.737483,37.336462
-76.738387,37.339922
-76.739948,37.342408
-76.739580,37.344143
-76.745120,37.345481
-76.749500,37.335881
-76.751440,37.337319
-76.757601,37.337975
-76.752950,37.338815
-76.754320,37.340380
-76.760040,37.346940
-76.767780,37.365133
-76.773710,37.370940
-76.777650,37.373178
-76.766530,37.381932
-76.808570,37.401710
-76.822250,36.709747
-76.822250,36.709747
-76.894850,36.692589
-76.912720,36.683584
-76.714980,36.801309
-76.726540,36.804105
-76.732490,36.805371
-76.741430,36.807231
-76.744100,36.808318
-76.750740,36.812491
-76.843356,36.776187
-76.856187,36.766173
-76.586350,36.937994
-76.596800,36.949315
-76.601050,36.954570
-76.602520,36.956662
-76.605860,36.961534
-76.609780,36.972986
-76.586510,36.975914
-76.631000,36.982366
-76.629430,36.990752
-76.676720,37.066250
-76.640760,36.977250
-76.556960,36.943055
-76.526200,36.956185
-76.529330,36.953884
-76.531920,36.951795
-76.537270,36.940839
-76.530800,36.934899
-76.527260,36.933396
-76.519800,36.926950
-77.022900,36.686788
-77.040830,36.695729
-77.068540,36.717552
-77.125000,36.784116
-77.124510,36.624903
-77.124510,36.624903
-77.543480,36.702301
-77.553600,36.704052
-77.530180,36.546200
-77.519970,36.731666
-76.894300,36.907203
-76.982220,36.970340
-77.092850,37.036282
-77.172140,36.949208
-77.463120,36.806772
-76.973590,37.165587
-76.973590,37.165587
-76.973590,37.165587
-76.842290,37.124496
-76.835150,37.138226
-76.786400,37.182967
-76.361720,36.869200
-75.985960,36.847410
-75.975270,37.272125
-75.978410,37.288874
-75.938300,37.351088
-75.858400,37.475399
-75.820420,37.540352
-75.832020,37.521137
-75.831930,37.523976
-75.828890,37.534998
-75.822980,37.540220
-75.812810,37.543686
-75.785270,37.585685
-75.758200,37.625820
-75.742370,37.650301
-75.722120,37.688600
-75.716300,37.690818
-75.718890,37.696362
-75.716520,37.698004
-75.713140,37.700778
-75.705030,37.708984
-75.689270,37.716736
-75.672850,37.726330
-75.658130,37.731510
-75.620990,37.757002
-75.587980,37.819698
-75.562100,37.854393
-75.559480,37.857346
-75.549600,37.922231
-75.540830,37.944393
-75.540410,37.945983
-75.485210,37.924095
-75.370890,37.937280
-75.365440,37.934009
-75.361480,37.931744
-76.789630,37.316340
-78.454950,38.033780
-78.514060,38.035240
-78.435420,38.132200
-78.499120,38.071260
-78.508300,38.061380
-78.698960,38.051150
-78.491600,38.062100
-78.488170,38.065840
-78.484350,38.070110
-78.430350,38.020480
-78.478430,38.076690
-78.475840,38.079600
-78.473830,38.081900
-78.470010,38.087420
-78.472750,38.079910
-78.490530,38.082780
-78.498080,38.075390
-78.414450,38.164300
-78.496380,38.066700
-78.447450,38.121200
-78.514470,38.044480
-78.480810,38.074050
-78.480050,38.005450
-78.539850,38.052440
-78.437050,38.129950
-78.464540,38.097060
-78.477380,38.085060
-78.525370,38.048860
-78.468030,38.074070
-78.468040,38.074070
-78.466390,38.067200
-78.488990,38.073140
-78.509770,38.046420
-78.474120,38.090310
-78.465830,38.098050
-78.472710,38.083740
-78.452770,38.113210
-78.339250,37.989740
-78.555310,38.051130
-78.503850,38.057120
-78.471370,38.088310
-78.467990,38.092070
-78.541570,38.051740
-78.394040,38.012020
-78.488050,37.994020
-78.497840,38.000640
-78.527180,38.050100
-78.460450,38.056010
-78.524640,38.026520
-78.486640,38.084320
-78.443880,38.030480
-78.700770,38.069530
-78.455410,38.031640
-78.508960,38.008410
-78.416230,38.160090
-78.458250,38.102770
-78.438770,38.026530
-78.434690,38.023910
-78.480950,38.003790
-78.448110,38.038940
-78.441480,38.125790
-78.523830,38.047630
-78.707730,38.050550
-78.704410,38.051050
-78.513040,38.049950
-78.440170,38.028490
-78.402510,38.185410
-78.424100,38.149070
-78.378718,38.008996
-78.508108,38.008776
-78.462194,38.062052
-78.431010,38.021464
-78.548931,38.050778
-79.966880,37.775420
-79.968050,37.774150
-79.990650,37.779280
-79.964650,37.774050
-79.969170,37.776690
-79.975250,37.777500
-78.935660,38.289110
-79.008290,38.202260
-79.034890,38.034650
-78.992900,38.109300
-78.912400,38.284960
-79.064920,38.124970
-78.967120,38.097510
-78.953230,38.056140
-78.971980,38.240340
-79.010060,38.042550
-79.049250,38.030190
-79.032400,38.125460
-79.065850,38.122190
-79.032040,38.181050
-79.016060,38.195740
-79.025600,38.037830
-78.981640,38.087210
-79.001360,38.194440
-78.969320,38.098990
-79.005130,38.205160
-79.037390,38.129200
-78.996680,38.044420
-78.939580,38.061870
-78.991660,38.080520
-78.990020,38.082220
-78.987550,38.083620
-79.038790,38.033200
-79.140120,38.071320
-79.058060,38.122090
-79.031840,38.013780
-79.017750,38.116650
-78.979870,38.089700
-78.942870,38.087820
-79.007550,38.042940
-78.979650,38.105020
-79.054140,38.030240
-78.943120,38.060200
-78.981690,38.105850
-78.931510,38.288353
-78.934268,38.288892
-77.982590,39.151730
-77.981400,39.151110
-78.139490,39.060510
-78.083950,39.082800
-78.004640,39.168160
-78.020720,39.173310
-77.958920,39.146000
-77.976590,39.161800
-77.977280,39.160690
-77.979330,39.157480
-78.150020,39.038610
-77.987930,38.510360
-77.917620,38.677750
-77.894340,38.503750
-77.952680,38.473140
-77.856400,38.512920
-77.978040,38.445750
-77.991550,38.498840
-77.969810,38.484930
-77.966380,38.485960
-77.992130,38.496780
-77.965150,38.443840
-77.767780,38.582970
-77.800590,38.620890
-77.766570,38.737630
-77.801190,38.562440
-77.770390,38.734790
-77.641360,38.655370
-77.716950,38.766470
-77.773400,38.732590
-77.682250,38.777520
-77.765070,38.576020
-77.946860,39.003390
-77.787200,38.686430
-77.788100,38.694910
-77.854680,38.866280
-77.692390,38.500100
-77.815890,38.536140
-77.760690,38.586120
-77.767080,38.580280
-77.683910,38.753480
-77.703720,38.717420
-78.312610,37.899760
-78.218360,39.083130
-78.134410,39.184720
-78.155500,39.161160
-78.190600,39.140270
-78.178410,39.209930
-78.184770,39.211680
-78.141180,39.215810
-78.139130,39.184830
-78.214180,39.080980
-78.137030,39.217700
-78.277380,39.029870
-78.203400,39.080740
-78.152460,39.159890
-78.197730,39.190950
-78.199760,39.190920
-78.180030,39.210390
-78.182790,39.211160
-78.216130,39.081930
-78.191040,39.215020
-78.192070,39.120770
-78.190690,39.120130
-78.122130,39.167410
-78.149090,39.210830
-78.193360,39.079350
-78.156700,39.159330
-78.125390,39.186780
-78.159320,39.157860
-78.119300,39.187190
-78.112390,39.188340
-78.158740,39.127390
-78.186120,39.097850
-78.191470,39.133820
-78.142820,39.214790
-78.160700,39.144750
-78.085630,39.290980
-78.083810,39.290640
-78.082790,39.290450
-78.145920,39.157120
-78.146500,39.081830
-78.143270,39.192260
-78.131460,39.149880
-78.178990,39.076270
-78.115950,39.180480
-78.192830,39.129010
-78.208040,39.191330
-78.177130,39.093800
-78.129910,39.186060
-78.098250,39.185390
-78.175050,39.208660
-78.202850,39.190920
-78.193430,39.126960
-78.196200,39.121030
-78.158400,39.124490
-78.202030,39.244570
-78.159390,39.163530
-78.119410,39.166830
-78.212350,39.080720
-78.138640,39.216980
-78.136230,39.218040
-78.132200,39.219670
-78.134410,39.221160
-78.110260,39.164750
-78.096228,39.256166
-78.149003,39.085471
-78.146578,39.081806
-78.152275,39.085754
-78.155107,39.097603
-78.225296,39.194480
-78.369350,38.233230
-78.386130,38.207820
-78.443410,38.291720
-78.420160,38.283290
-78.398080,38.250230
-78.371930,38.233570
-78.367170,38.238080
-78.002800,38.024500
-77.992820,38.019950
-78.186230,38.070830
-78.219480,37.970700
-78.002030,38.023820
-77.908800,38.010770
-78.212780,37.978220
-78.000080,38.022290
-78.210876,37.980553
-78.209270,37.979620
-78.214850,37.975860
-78.252770,38.379170
-78.284990,38.346980
-78.241890,38.391410
-78.269510,38.365540
-78.263850,38.371560
-77.747570,38.347420
-77.956830,38.266080
-77.728220,38.326110
-77.778761,38.312080
-77.810369,38.304924
-78.620610,38.485100
-78.490780,38.660890
-78.480490,38.664080
-79.447710,37.769260
-79.421620,37.797430
-79.426050,37.792990
-79.409060,37.803510
-79.432580,37.775430
-79.418130,37.799430
-79.411520,37.802420
-79.380210,37.743700
-79.407700,37.804160
-78.938670,38.413540
-78.746040,38.562650
-78.618800,38.409410
-78.618800,38.406560
-78.776570,38.632350
-78.777910,38.629960
-78.810490,38.392680
-78.786520,38.613700
-78.650240,38.405770
-78.832300,38.367920
-78.796740,38.617490
-78.764680,38.370810
-78.618630,38.418090
-78.728790,38.376070
-78.936780,38.365510
-78.828700,38.408660
-78.705590,38.385820
-78.862630,38.404860
-78.801020,38.606160
-78.835180,38.415440
-78.796530,38.378210
-78.917020,38.453630
-78.787820,38.608810
-78.870010,38.436820
-78.933380,38.418350
-78.940640,38.412030
-78.870190,38.434760
-78.851380,38.386380
-78.928180,38.357470
-78.926130,38.356830
-78.923550,38.355870
-78.930340,38.377920
-78.778580,38.628700
-78.779980,38.369720
-78.699666,38.388462
-78.855572,38.409222
-78.862588,38.404135
-78.857642,38.394760
-78.860893,38.401604
-78.358910,38.988460
-78.669480,38.651330
-78.361830,38.989240
-78.671680,38.647980
-78.505230,38.881860
-78.517930,38.866980
-78.502740,38.885200
-78.526360,38.879320
-78.526360,38.871550
-78.528670,38.872220
-78.523090,38.869740
-78.673420,38.648430
-78.629010,38.759510
-78.521050,38.872480
-78.514680,38.870770
-78.534000,38.872920
-78.338830,39.005110
-78.192030,38.962130
-78.193450,38.960070
-78.210700,38.903280
-78.099800,38.913130
-78.199710,38.946700
-78.168860,39.007930
-78.178520,38.991550
-78.205000,38.904880
-78.182070,38.984110
-78.189700,38.966000
-78.102200,38.913550
-78.098940,38.916470
-78.199720,38.948160
-77.159156,38.715940
-77.285211,38.885855
-77.357973,39.007185
-77.264205,38.674200
-77.195575,38.897935
-77.196603,38.891224
-77.196404,38.891531
-77.407965,38.871383
-77.429248,38.870220
-77.456833,39.011038
-77.439003,38.886900
-77.450523,38.732070
-77.060624,38.789708
-77.266405,38.840380
-77.069068,38.771856
-77.055680,38.733347
-77.076882,38.743243
-77.388521,38.877464
-77.062315,38.780991
-77.081118,38.743421
-77.443054,38.818594
-77.084396,38.792200
-77.236680,38.923761
-77.080866,38.774020
-77.060564,38.790822
-77.085432,38.759222
-77.057268,38.752568
-77.063684,38.789556
-77.380334,38.895802
-77.081753,38.769710
-77.493186,39.084183
-77.083779,38.759100
-77.189535,38.738044
-77.176106,38.778375
-77.087144,38.740468
-77.140657,38.713802
-77.159226,38.708570
-77.197095,38.709924
-77.205342,38.705658
-77.208595,38.702516
-77.124908,38.720652
-77.111905,38.727071
-77.237458,38.670303
-77.120211,38.723006
-77.385887,38.881684
-77.361392,38.854125
-77.356136,38.851383
-77.394855,38.879910
-77.453258,38.858567
-77.470457,38.909912
-77.395959,38.858603
-77.408557,38.875485
-77.232741,38.931812
-77.432997,38.851522
-77.475727,38.830307
-77.287831,38.652265
-77.266931,38.751520
-77.186893,38.783660
-77.178259,38.774244
-77.184051,38.761779
-77.182294,38.782188
-77.171786,38.777748
-77.185415,38.782165
-77.186276,38.780735
-77.185452,38.777828
-77.183948,38.770708
-77.176036,38.806957
-77.161719,38.801953
-77.185771,38.783790
-77.185094,38.780887
-77.167257,38.805183
-77.186357,38.811918
-77.184662,38.806968
-77.135968,38.784017
-77.196326,38.764583
-77.264398,38.875180
-77.338027,38.874752
-77.335133,38.859805
-77.319687,38.869302
-77.284015,38.875525
-77.301783,38.880389
-77.279374,38.890236
-77.240184,38.865378
-77.235655,38.865465
-77.246072,38.872959
-77.263044,38.872214
-77.235932,38.873652
-77.215072,38.875495
-77.198921,38.875979
-77.191917,38.877513
-77.233951,38.865484
-77.233335,38.873928
-77.210075,38.907214
-77.218932,38.925123
-77.221593,38.912470
-77.226409,38.923547
-77.241190,38.928394
-77.227633,38.914172
-77.223372,38.909715
-77.225316,38.916985
-77.176001,38.778032
-77.193985,38.715051
-77.413213,38.947882
-77.373598,38.953930
-77.128431,38.850740
-77.078538,38.781286
-77.245368,38.932684
-77.636056,38.843702
-77.235333,38.915235
-77.147999,38.819210
-77.359082,38.942013
-77.289729,38.612038
-77.440996,38.838459
-77.237458,38.916330
-77.089012,38.739089
-77.289639,38.655902
-77.384207,38.939820
-77.300586,38.593973
-77.243841,38.665011
-77.151284,38.763737
-77.385896,39.037020
-77.248846,38.810536
-77.452348,38.850417
-77.185500,38.798214
-77.405253,38.860177
-77.513806,38.787568
-77.448202,38.870496
-77.107335,38.729330
-77.416355,38.663936
-77.171157,38.771723
-77.163363,38.822630
-77.442774,39.006379
-77.367322,38.874002
-77.163125,38.740171
-77.318766,38.571182
-77.212940,38.698391
-77.185312,38.936941
-77.538813,39.101121
-77.207527,38.875231
-77.056077,38.742235
-77.593903,38.800900
-77.516808,38.794988
-77.185919,38.796240
-77.312611,38.942574
-77.305661,38.627817
-77.453773,38.881755
-77.378833,38.664589
-77.229062,38.939916
-77.475479,39.001180
-77.355425,38.955020
-77.178594,38.932895
-77.240739,38.777874
-77.314456,38.575005
-77.384675,38.843055
-77.506235,38.760783
-77.226972,38.872386
-77.518105,38.797979
-77.227548,38.912010
-77.406106,39.034737
-77.234094,38.780919
-77.373909,38.845108
-77.298860,38.651525
-77.327314,38.785924
-77.286925,38.625321
-77.347467,38.625100
-77.210790,38.832669
-77.196744,38.830496
-77.234368,38.931077
-77.233103,38.925466
-77.226210,38.952736
-77.372393,39.048282
-77.453239,38.988111
-77.221594,38.920150
-77.235898,38.916870
-77.226086,38.919750
-77.207885,38.865903
-77.248587,38.657263
-77.275550,38.776842
-77.188282,38.744621
-77.352380,38.969254
-77.189600,38.734454
-77.348938,38.820230
-77.472155,39.062447
-77.229135,38.780028
-77.287557,38.635494
-77.268100,38.775998
-77.237999,38.785209
-77.198108,38.740898
-77.192379,38.740501
-77.209793,38.724774
-77.194259,38.742024
-77.111361,38.774506
-77.126076,38.764982
-77.230385,38.769866
-77.335224,38.951568
-77.339264,38.944666
-77.374579,39.006257
-77.357827,38.945702
-77.189632,38.832959
-77.274795,38.957967
-77.341458,38.971014
-77.333591,38.973474
-77.317175,38.975579
-77.345302,38.987286
-77.353738,38.967049
-77.354162,38.962312
-77.359163,38.945936
-77.354805,38.957289
-77.234885,38.810937
-77.221645,38.811171
-77.210095,38.811318
-77.307843,38.823948
-77.312609,38.825477
-77.313763,38.766881
-77.250705,38.728090
-77.321386,38.815821
-77.324141,38.812621
-77.325902,38.804086
-77.325758,38.795254
-77.290717,38.787385
-77.301285,38.825670
-77.316019,38.797303
-77.276466,38.788395
-77.273880,38.791700
-77.309183,38.809356
-77.295480,38.798981
-77.320057,38.798617
-77.247583,38.795440
-77.203097,38.846298
-77.196828,38.832411
-77.143246,38.818294
-77.142819,38.822053
-77.152259,38.831994
-77.118839,38.846261
-77.114863,38.844874
-77.151791,38.839554
-77.251275,38.838581
-77.245523,38.882232
-77.242189,38.888246
-77.228634,38.898550
-77.140501,38.845377
-77.227260,38.886684
-77.174670,38.868248
-77.178845,38.860141
-77.223178,38.855263
-77.352702,38.849200
-77.223879,38.900545
-77.225148,38.894820
-77.189923,38.855646
-77.174638,38.869613
-77.227819,38.862956
-77.227424,38.867909
-77.139898,38.856089
-77.150878,38.865701
-77.154432,38.870235
-77.202995,38.933970
-77.172997,38.911806
-77.199748,38.932153
-77.194086,38.941507
-77.201141,38.933046
-77.156104,38.780005
-77.211728,38.946671
-77.184649,38.929779
-77.214516,38.908869
-77.192048,38.953935
-77.256942,38.981768
-77.288455,38.998105
-77.313933,38.999077
-77.205854,38.926744
-77.175782,38.937606
-77.179586,38.901729
-77.238045,38.865415
-77.192738,38.712414
-77.558471,38.792088
-77.368808,38.846341
-77.261946,38.865024
-77.336599,38.855621
-77.275117,38.629285
-77.416780,38.923646
-77.449130,38.786816
-77.448902,38.836612
-77.337208,38.947651
-77.295290,38.637461
-77.307392,38.875160
-77.501364,38.774351
-77.401900,38.959252
-77.241612,38.789957
-77.274047,38.817290
-77.373484,38.847771
-77.221967,38.921869
-77.349352,38.638359
-77.432688,39.014152
-77.419989,39.027130
-77.156995,38.872937
-77.426988,38.892408
-77.081212,38.772322
-77.331778,38.674347
-77.083005,38.794081
-77.162587,38.757602
-77.459767,38.833999
-77.233335,38.914534
-77.269906,38.814957
-77.185128,38.799735
-77.335861,38.950031
-77.396098,38.672093
-77.213925,38.865886
-77.419203,38.925198
-77.199827,38.831046
-77.231104,38.836209
-77.248121,38.935514
-77.340681,38.602166
-77.419915,38.992288
-77.366823,38.934969
-77.368512,38.864500
-77.454366,38.843039
-77.199785,38.900623
-77.305443,38.653860
-77.324751,38.638393
-77.397677,38.880977
-77.347988,38.639561
-77.386539,39.035519
-77.258724,38.865063
-77.076471,38.788956
-77.418542,39.007530
-77.409182,38.952220
-77.131366,38.772173
-77.204910,38.904067
-77.186047,38.834501
-77.401005,38.897230
-77.246546,38.865299
-77.166115,38.751565
-77.356882,38.960432
-77.183373,38.909108
-77.195256,38.924725
-77.539271,38.956185
-77.177070,38.940419
-77.174687,38.940613
-77.438589,38.832386
-77.329542,38.999764
-77.308508,38.835288
-77.592058,38.791908
-77.200078,38.921276
-77.177440,38.934010
-77.153343,38.921730
-77.153126,38.921273
-77.215572,38.909747
-77.413466,38.844031
-77.346558,38.920585
-77.573518,38.749971
-77.400562,38.882119
-77.305323,38.920147
-77.362404,38.923875
-77.391847,38.948222
-77.083393,38.754497
-77.374498,38.948642
-77.363636,38.934845
-77.448718,38.809809
-77.303432,38.902712
-77.303637,38.900892
-77.373358,38.924957
-77.284287,38.634657
-77.525123,38.777915
-77.207583,38.832568
-77.408355,38.907222
-77.376069,38.872651
-77.436470,38.837018
-77.144406,38.720403
-77.418261,38.889203
-77.148648,38.727069
-77.231422,38.874072
-77.168906,38.858212
-77.376697,38.994305
-77.287919,38.769017
-77.277876,38.878162
-77.349298,38.977158
-77.351486,38.973702
-77.327901,38.782231
-77.340164,38.951237
-77.287082,38.742722
-77.136889,38.791874
-77.349632,38.953747
-77.177775,38.780569
-77.226900,38.928749
-77.260985,38.822021
-77.406384,38.864049
-77.336710,38.796535
-77.163882,38.707918
-77.379705,38.949812
-77.314402,38.873770
-77.292827,38.882753
-77.117315,38.707642
-77.304587,38.808222
-77.376556,38.999493
-77.446199,38.900166
-77.230664,38.854019
-77.397039,38.985576
-77.155342,38.804352
-77.302086,38.813843
-77.147512,38.861567
-77.297836,38.876076
-77.383537,38.950333
-77.365527,39.005306
-77.164154,38.871502
-77.170158,38.814267
-77.167555,38.859071
-77.311391,38.942560
-77.171133,38.812711
-77.348190,38.890942
-77.172121,38.812012
-77.280666,38.885550
-77.099150,38.772275
-77.093757,38.773434
-77.090971,38.774037
-77.076951,38.792545
-77.100810,38.714089
-77.062598,38.775054
-77.073312,38.784094
-77.083661,38.766306
-77.077034,38.782541
-77.100307,38.733048
-77.218468,38.692805
-77.366620,38.865706
-77.372682,38.851241
-77.382298,38.877111
-77.436609,38.860172
-77.450328,38.901837
-77.395914,38.878238
-77.370660,38.861419
-77.403938,38.855884
-77.432712,38.848287
-77.272889,38.752355
-77.312014,38.947141
-77.183969,38.769548
-77.112552,38.829787
-77.186583,38.791019
-77.184002,38.775041
-77.169283,38.805214
-77.277032,38.868898
-77.298876,38.881955
-77.113260,38.830426
-77.371563,38.856508
-77.371120,38.859212
-77.434403,38.830108
-77.159549,38.802788
-77.436441,38.827388
-77.403624,38.957381
-77.420841,38.913080
-77.415257,39.045050
-77.633401,38.826983
-77.527654,38.739006
-77.430615,38.827748
-77.342219,38.649802
-77.232956,38.934607
-77.413253,39.040016
-77.405786,38.884179
-77.370153,38.958360
-77.141166,38.768328
-77.135212,38.853543
-77.155864,38.872009
-77.078068,38.783796
-77.171750,38.773060
-77.251768,38.865181
-77.397034,39.008030
-77.304150,38.589850
-77.389523,39.016544
-77.194446,38.828647
-77.233135,38.779179
-77.135798,38.940039
-77.190410,38.894597
-77.206424,38.774303
-77.380869,39.019273
-77.161443,38.741435
-77.369076,38.659335
-77.376980,38.948200
-77.282662,38.887594
-77.300882,38.880905
-77.412247,38.832254
-77.305735,38.877045
-77.452282,38.887186
-77.283414,38.656516
-77.254782,38.807846
-77.121188,38.786322
-77.155634,38.765403
-77.082962,38.748397
-77.436823,38.838567
-77.194367,38.830093
-77.301435,38.644084
-77.157753,38.836338
-77.301549,38.658431
-77.273582,38.678395
-77.422744,38.890741
-77.096146,38.716145
-77.143614,38.711671
-77.276895,38.755568
-77.333286,38.969761
-77.230679,38.918239
-77.185049,38.898958
-77.222007,38.907625
-77.237135,38.756001
-77.250681,38.744988
-77.233215,38.756963
-77.263100,38.775053
-77.218578,38.760393
-77.136828,38.793764
-77.338073,38.946162
-77.342074,38.969242
-77.336346,38.994466
-77.291470,38.967259
-77.328852,38.938447
-77.356021,38.952924
-77.361279,38.942933
-77.356581,38.950896
-77.273453,38.795011
-77.277367,38.810500
-77.271733,38.793687
-77.197164,38.833432
-77.125730,38.846766
-77.118036,38.848333
-77.115897,38.843156
-77.199800,38.841659
-77.149627,38.840974
-77.185504,38.828514
-77.235473,38.836312
-77.113448,38.829383
-77.124420,38.848216
-77.136115,38.847392
-77.227550,38.880635
-77.152208,38.873237
-77.225347,38.856881
-77.282714,38.620943
-77.143502,38.858082
-77.151879,38.866985
-77.204639,38.925892
-77.210461,38.923896
-77.168644,38.949006
-77.127565,38.851060
-77.197567,38.928910
-77.271944,38.841107
-77.382753,38.905597
-77.211505,38.828048
-77.346538,38.933822
-77.487297,39.027565
-77.393223,38.945192
-77.072082,38.794760
-77.352776,38.660272
-77.266293,38.871603
-77.460026,38.879585
-77.216086,38.775833
-77.402945,38.851862
-77.225019,38.758317
-77.336546,38.981279
-77.263639,38.873575
-77.347424,38.980195
-77.325344,38.801508
-77.132700,38.784003
-77.147598,38.943783
-77.362906,38.953848
-77.377381,38.888892
-77.356667,38.966400
-77.364459,38.829358
-77.274476,38.879155
-77.368356,38.828051
-77.389829,39.028713
-77.351667,38.955669
-77.118122,38.842081
-77.363504,38.859037
-77.111803,38.801211
-77.153993,38.804499
-77.246894,38.661769
-77.369037,38.880129
-77.169268,38.856541
-77.247172,38.850165
-77.245647,38.839176
-77.305643,38.974587
-77.376066,38.845178
-77.375695,38.844736
-77.374803,38.844920
-77.375122,38.845368
-77.390600,39.044516
-77.432050,38.834001
-77.121161,38.841063
-77.271182,38.868621
-77.075266,38.796301
-77.231949,38.772441
-77.633650,38.836307
-77.528150,38.754490
-77.374597,38.952207
-77.395971,39.025413
-77.546010,39.141520
-77.551142,39.133184
-77.231114,38.926631
-77.381473,38.862657
-77.382997,38.863034
-77.352499,38.636012
-77.250797,38.810582
-77.403390,38.829910
-77.304212,38.656442
-77.191550,38.778155
-77.419103,39.049807
-77.158777,38.760851
-77.469003,39.065209
-77.380610,38.909830
-77.219106,38.875830
-77.306735,38.791104
-77.431194,38.894070
-77.242761,38.930003
-77.414596,38.995699
-77.167941,38.804428
-77.224629,38.811151
-77.556616,38.742986
-77.184229,38.765860
-77.360036,38.966051
-77.082982,38.749522
-77.280363,38.806202
-77.145671,38.756521
-77.135396,38.779228
-77.248389,38.797925
-77.364998,38.867250
-77.347230,38.945687
-77.413512,38.887172
-77.256501,38.810727
-77.121209,38.767282
-77.144295,38.943254
-77.261162,38.649327
-77.198140,38.828590
-77.413816,38.942070
-77.396734,38.920860
-77.356188,38.848595
-77.079957,38.798439
-77.304172,38.652645
-77.405606,38.907033
-77.163679,38.778642
-77.336520,38.545788
-77.311794,38.835066
-77.448268,38.866454
-77.255374,38.675684
-77.394607,39.035151
-77.238753,38.918431
-77.368032,38.961394
-77.084111,38.744187
-77.132822,38.716807
-77.677046,38.779508
-77.223890,38.913755
-77.168157,38.718753
-77.151623,38.920440
-77.353982,38.964515
-77.189224,38.730556
-77.444682,38.291564
-77.174005,38.771360
-77.184309,38.779145
-77.230813,38.931907
-77.547444,38.733701
-77.364226,39.010119
-77.067142,38.791903
-77.159633,38.722370
-77.070278,38.771518
-77.291159,38.608888
-77.265207,38.633964
-77.330403,38.560769
-77.269245,38.636838
-77.268087,38.638331
-77.162892,38.886801
-77.447154,38.885647
-77.526721,38.818396
-77.492675,38.784853
-77.506852,38.777852
-77.504002,38.776032
-77.510032,38.779942
-77.512050,38.783222
-77.516871,38.782059
-77.544417,38.909582
-77.515510,38.791784
-77.254344,38.674228
-77.249271,38.663566
-77.519323,38.794381
-77.304457,38.834335
-77.323072,38.679951
-77.453404,39.043519
-77.495311,39.011160
-77.257445,38.666902
-77.308170,38.617102
-77.486294,38.304069
-77.317336,38.682583
-77.252974,38.662661
-77.543187,38.214466
-77.466783,38.472217
-77.514275,38.356952
-77.309455,38.684171
-77.498429,38.345187
-77.359957,38.681033
-77.410440,38.414174
-77.332819,38.666932
-77.332564,38.965956
-77.307120,38.655663
-77.632031,38.818640
-77.533025,38.934721
-77.518319,38.938938
-77.453499,39.049569
-77.294192,38.639550
-77.299197,38.636467
-77.342494,38.643554
-77.294584,38.650978
-77.518030,38.921410
-77.297918,38.638188
-77.269344,38.657307
-77.310578,38.628732
-77.337160,38.645795
-77.332894,38.640842
-77.578496,38.269873
-77.509409,38.770854
-77.184331,38.756304
-77.487570,38.912863
-77.422965,38.944634
-77.311855,38.653918
-77.309199,38.654588
-77.500586,38.992266
-77.643163,38.815633
-77.635350,38.870747
-77.583779,38.700151
-77.665455,38.782419
-77.403900,38.732232
-77.547281,38.731249
-77.583730,38.292897
-77.545913,38.732693
-77.451442,38.776751
-77.450903,38.778388
-77.458328,38.788695
-77.312151,38.578565
-77.305841,38.587907
-77.313323,38.653357
-77.250283,38.664359
-77.447524,38.793363
-77.259369,38.670590
-77.367095,38.633953
-77.533372,38.766914
-77.520399,38.797633
-77.610827,38.794161
-77.648826,38.749616
-77.194837,38.866236
-77.326270,38.581650
-77.273888,38.630748
-77.630323,38.791296
-77.271378,38.634022
-77.256266,38.652198
-77.249630,38.658188
-77.503788,38.770022
-77.336871,38.643889
-77.253388,38.672224
-77.294681,38.647657
-77.423510,38.730042
-77.294901,38.650072
-77.319795,38.578666
-77.156709,38.872651
-77.568160,38.291331
-77.462286,38.447609
-77.592936,38.770159
-77.469841,38.475138
-77.447058,38.300656
-77.450636,38.836312
-77.528096,38.243701
-77.249415,38.264099
-77.521997,38.292795
-77.500355,38.237134
-77.497502,38.255618
-77.560547,38.290580
-77.436491,38.286468
-77.494802,38.462013
-77.500854,38.347520
-77.426175,38.253047
-77.527453,38.932562
-77.412984,38.473076
-77.432208,38.474376
-77.529298,38.371940
-77.518676,38.246571
-77.417615,38.474501
-77.458987,38.372308
-77.496167,38.343352
-77.510132,38.354589
-77.488244,38.338394
-77.402370,38.449176
-77.506196,39.050643
-77.523448,39.030267
-77.551300,38.276263
-77.495702,38.243951
-77.488596,39.053507
-77.298776,38.650732
-77.414184,38.470848
-77.410192,38.998266
-77.455890,38.366967
-77.518785,38.929211
-77.553319,38.290264
-77.640646,38.162003
-77.735485,38.969005
-77.375433,39.016372
-77.331910,38.261793
-77.394858,39.026681
-77.525206,38.244644
-77.514740,38.181205
-77.561773,38.287565
-77.499365,39.080074
-77.515452,38.295223
-77.437077,38.473761
-77.448313,38.272706
-77.539966,38.261460
-77.403527,39.001898
-77.423125,38.422184
-77.429195,38.311123
-77.514693,38.246869
-77.478314,39.023841
-77.424506,38.978905
-77.420723,38.421807
-77.474375,39.041549
-77.451282,38.315883
-77.482900,38.223726
-77.492816,38.271122
-77.563838,38.400155
-77.405524,38.950608
-77.475865,38.912100
-77.498400,39.033710
-77.412137,38.468525
-77.416818,39.035353
-77.479428,38.996458
-77.434501,38.979067
-77.428973,39.034442
-77.418296,39.032937
-77.409217,38.311993
-77.501881,38.227323
-77.414588,38.420545
-77.512464,38.295879
-77.704985,39.136498
-77.207862,38.277081
-77.504156,39.036096
-77.504576,38.923584
-77.427931,38.989733
-77.562771,38.286154
-77.712571,39.319788
-77.165444,38.257234
-77.473908,38.479041
-77.337185,38.544763
-77.413787,38.467487
-77.609585,38.791909
-77.135086,38.771718
-77.362097,38.974952
-77.360367,38.979712
-77.364843,38.992500
-77.511646,38.248253
-77.051543,38.336333
-77.457525,38.904737
-77.507540,39.046046
-77.330661,38.583872
-77.075326,38.339720
-77.187496,38.739088
-77.164969,38.753998
-77.335663,38.871714
-77.406442,38.461022
-77.366923,38.966273
-77.251431,38.740458
-77.236547,38.928949
-77.503500,38.232846
-77.302958,38.795635
-77.047909,38.352622
-77.424136,39.020977
-77.479292,38.333069
-77.424972,39.024509
-77.424621,39.022719
-77.440597,38.827968
-77.442172,38.875334
-77.257080,38.674833
-77.403461,38.854094
-77.402044,38.445707
-77.618978,38.794233
-77.638268,39.160342
-77.222380,38.875455
-77.426197,38.929795
-77.510903,38.916035
-77.446838,38.981916
-77.542787,38.381921
-77.506962,38.352310
-77.368612,38.950787
-77.527811,38.797524
-77.461969,38.884336
-77.249060,38.872756
-77.251588,38.872602
-77.187904,38.896961
-77.495154,38.257145
-77.527012,38.290928
-77.171890,38.903467
-77.137234,38.770502
-77.447490,38.297089
-77.596473,39.084435
-77.415848,38.469821
-77.484727,39.026201
-77.221050,38.809717
-77.425511,38.475621
-77.445471,38.837444
-77.342762,38.998958
-77.490505,39.011838
-77.412925,38.825819
-77.227361,38.861401
-77.388210,38.859855
-77.169395,38.870624
-77.337604,38.943807
-77.277167,38.675591
-77.360768,38.857336
-77.372425,38.871495
-77.443505,38.885197
-77.547638,38.237748
-77.534381,38.288829
-77.532964,38.737585
-77.468417,38.324019
-77.709131,38.322684
-77.413726,39.014123
-77.630296,38.900669
-77.105836,38.780059
-77.329389,38.989318
-77.350967,38.634005
-77.362698,38.691552
-77.505610,38.226856
-77.340403,38.648112
-77.377387,38.985878
-77.363004,38.960596
-77.450108,39.044250
-77.430017,38.838633
-77.370867,38.870654
-77.223207,38.902415
-77.395690,38.473449
-77.362278,38.962381
-77.412316,39.015957
-77.224567,38.897909
-77.239332,38.901732
-77.422184,39.006855
-77.300715,38.799603
-77.365206,38.966141
-77.451526,38.276274
-77.496327,38.723669
-77.450235,38.274822
-77.514672,39.094409
-77.203578,38.811548
-77.541398,38.938262
-77.525150,38.792328
-77.459245,39.060468
-77.601591,38.148035
-77.589393,38.200999
-77.499040,38.244539
-77.423441,38.457270
-77.554727,38.281630
-77.266298,38.641514
-77.494784,38.962941
-77.585663,38.763453
-77.577882,38.757493
-77.341066,38.674665
-77.244242,38.776170
-77.411439,38.834081
-77.080503,38.797820
-77.283666,38.671390
-77.261095,38.708673
-77.280945,38.727869
-77.103464,38.731366
-77.646290,38.813447
-77.363554,38.659396
-77.320519,38.569620
-77.486858,38.827851
-77.519369,38.800689
-77.158768,38.779562
-77.234168,38.743337
-77.225690,38.736082
-77.244022,38.913606
-77.376711,38.992057
-77.386908,38.862083
-77.248233,38.745808
-77.372302,38.992317
-77.691741,39.142294
-77.540087,39.152923
-77.300910,38.753224
-77.278641,38.677668
-77.310041,38.762585
-77.308304,38.760204
-77.384515,38.827260
-77.498946,38.772805
-77.484035,39.050633
-77.331427,38.648113
-77.439529,38.661722
-77.544901,38.271686
-77.225903,38.889894
-77.264204,38.714526
-77.611799,38.810290
-77.451760,38.471767
-77.638555,38.818798
-77.293506,38.682122
-77.422653,39.042825
-77.276898,38.677497
-77.414555,39.007171
-77.472460,38.984964
-77.429430,38.896660
-77.175905,38.936284
-77.328397,38.663933
-77.419707,38.474764
-77.319427,38.652034
-77.435408,38.328739
-77.417781,38.921252
-77.409560,38.466676
-77.501940,38.235039
-77.147855,38.871227
-77.149790,38.873313
-77.453073,38.305370
-77.283592,38.678770
-77.210644,38.704896
-77.279424,38.735524
-77.406350,38.456526
-77.518346,38.941134
-77.699751,39.136139
-77.385177,38.882792
-77.084079,38.335468
-77.636314,38.812101
-77.143742,38.754686
-77.283288,38.944541
-77.284574,38.950556
-77.153287,38.770462
-77.229165,38.922307
-77.533518,38.278453
-77.418200,38.467410
-77.447103,38.898194
-77.504911,38.229603
-77.154203,38.769155
-77.211747,38.742160
-77.215093,38.868398
-77.206811,38.717153
-77.326196,38.947144
-77.246623,38.794396
-77.331706,38.558692
-77.559066,38.233615
-77.455290,38.317179
-77.531717,39.096927
-77.409069,38.976734
-77.505549,38.240246
-77.301113,38.883361
-77.451162,38.313629
-77.538392,38.269912
-77.182823,38.707426
-77.540296,38.259100
-77.174466,38.874526
-77.641066,38.817061
-77.452958,38.224122
-77.429621,38.395701
-77.521159,38.923654
-77.402120,38.847571
-77.187076,38.791066
-77.332725,38.949143
-77.634206,38.308013
-77.538613,38.288937
-77.456984,38.363974
-77.150101,38.239018
-77.400102,38.925173
-77.405587,38.463900
-77.509212,38.193267
-77.521571,38.364765
-77.408500,38.880037
-77.095279,38.785313
-77.457972,38.351060
-77.518786,38.293986
-77.319666,38.974676
-77.492217,38.263464
-77.281565,38.633767
-77.507510,38.221321
-77.460767,38.468752
-77.545439,38.939583
-77.483170,38.272043
-77.123906,38.766027
-77.265272,38.643483
-77.139562,38.819894
-77.520376,38.361648
-77.250965,38.745830
-77.236528,38.755600
-77.233374,38.757484
-77.494091,38.249174
-77.429135,39.004934
-77.334172,38.590056
-77.465853,38.376554
-77.495510,38.264240
-77.582442,38.263934
-77.505982,38.251062
-77.427097,38.978957
-77.334542,38.595281
-77.531625,38.289283
-77.599038,38.793611
-77.517759,38.358919
-77.498716,38.249682
-77.452958,38.224122
-77.662908,38.166456
-77.374606,38.611901
-77.371850,38.507591
-77.426212,38.421909
-77.521540,38.133639
-77.499160,38.241710
-77.499389,38.254367
-77.333035,38.552531
-77.602499,38.792427
-77.609171,38.789475
-77.576565,38.292305
-77.630931,38.793605
-77.204026,38.276153
-77.565911,38.783226
-77.143616,38.265047
-77.405559,38.231643
-77.496510,38.260757
-77.486467,38.480736
-77.531890,38.285697
-77.408188,38.422041
-77.407825,38.425504
-77.303677,38.586822
-77.273969,38.776603
-77.164380,38.924386
-77.160888,38.924196
-77.517158,38.785087
-77.333743,38.963359
-77.315760,38.650135
-77.547866,38.775393
-77.337578,38.853910
-77.612558,39.146398
-77.368967,38.879935
-77.337924,38.850989
-77.294569,38.661502
-77.487492,39.043563
-77.713037,39.136691
-77.528126,38.820328
-77.231188,38.938708
-77.232436,38.936191
-77.339310,38.541382
-77.235965,38.929237
-77.284271,38.627488
-77.716696,39.136787
-77.231270,38.770372
-77.284606,38.670978
-77.455052,38.840770
-77.640419,38.843036
-77.539076,38.907203
-77.666368,38.784938
-77.333383,38.962131
-77.410661,38.627899
-77.572449,39.084429
-77.515733,38.778205
-77.606388,38.783965
-77.244727,38.837579
-77.283769,38.632485
-77.141007,38.866124
-77.235324,38.717280
-77.541655,38.734981
-77.516153,38.786790
-77.146791,38.868592
-77.618081,38.801554
-77.303570,38.879179
-77.279485,38.730901
-77.361256,38.946927
-77.375414,39.002504
-77.507329,39.068689
-77.633666,38.880819
-77.233173,38.756566
-77.385253,38.485634
-77.543697,39.273628
-77.323721,38.927185
-77.447245,38.795189
-77.400684,39.034599
-77.424879,38.914731
-77.335634,38.857316
-77.184058,38.723681
-77.519992,38.296252
-77.182687,38.724666
-77.302959,38.793868
-77.303087,38.810400
-77.516247,38.306319
-77.279770,38.878323
-77.372271,38.957852
-77.523176,38.355619
-77.362821,38.957197
-77.452557,38.879226
-77.512661,38.744122
-77.218837,38.918994
-77.572801,38.752482
-77.424032,38.928308
-77.553844,39.129806
-77.315493,38.629744
-77.334635,38.549050
-77.443839,38.979390
-77.404885,39.023986
-77.076358,38.789546
-77.076230,38.790535
-77.421328,39.046703
-77.515547,39.087812
-77.364719,38.855149
-77.483826,38.978202
-77.420109,38.915464
-77.313734,38.833008
-77.056196,38.348719
-77.510747,38.268514
-77.139685,38.845789
-77.367283,38.521949
-77.537043,38.240716
-77.446690,38.798277
-77.407412,38.951134
-77.307604,38.585590
-77.368394,38.522013
-77.516433,38.355449
-77.548879,38.940929
-77.122018,38.853181
-77.194687,38.954831
-77.193237,38.954299
-77.079878,38.798537
-77.433669,39.027810
-77.429055,39.027744
-77.519134,38.354677
-77.471155,38.740870
-77.468686,38.742007
-77.486005,38.916210
-77.304891,38.932121
-77.606813,38.790694
-77.371061,38.611562
-77.289430,38.624304
-77.422273,38.874413
-77.503764,38.988768
-77.523025,38.899709
-77.272394,38.879420
-77.626262,38.792265
-77.286149,38.669422
-77.278961,38.673104
-77.450951,39.049781
-77.226996,38.876808
-77.444664,38.748455
-77.276803,38.633214
-77.365983,38.515184
-77.069632,38.775892
-77.629050,38.908124
-77.631541,38.893402
-77.646666,38.750881
-77.116467,38.724838
-77.296678,38.598516
-77.340345,38.876644
-77.371755,38.522595
-77.428031,38.947231
-77.604857,38.791786
-77.526964,39.030057
-77.600702,38.779029
-77.606453,39.076772
-77.520341,39.041389
-77.072940,38.795181
-77.299764,38.659898
-77.521137,38.804993
-77.326395,38.790001
-77.563802,38.992265
-77.691234,39.145348
-77.404749,38.956232
-77.552052,39.099386
-77.557105,39.098598
-77.373801,38.845645
-77.331154,38.561402
-77.114203,38.830103
-77.472844,38.737119
-77.154975,38.872213
-77.227553,38.865499
-77.213733,38.864743
-77.197390,38.866090
-77.192709,38.710668
-77.164462,38.741294
-77.192885,38.709100
-77.171104,38.733141
-77.567054,38.853520
-77.575780,38.855730
-77.518063,38.923979
-77.180475,38.931534
-77.411368,38.950384
-77.464307,38.714741
-77.467105,38.715059
-77.302798,38.800487
-77.327066,38.650166
-77.249071,38.774072
-77.256446,38.708123
-77.333953,38.668881
-77.355222,38.856565
-77.423059,38.838877
-77.511495,39.026442
-77.542632,38.958476
-77.527848,38.988184
-77.333306,38.553446
-77.547823,39.271528
-77.511207,39.016996
-77.407235,38.953618
-77.407577,39.033231
-77.455517,38.876140
-77.157340,38.762499
-77.534700,38.766559
-77.291148,38.621562
-77.174425,38.932092
-77.547970,39.270273
-77.349155,38.678053
-77.428338,38.633469
-77.186440,38.813162
-77.116866,38.845568
-77.444116,38.645286
-77.344628,38.676171
-77.402933,39.025211
-77.750892,39.067321
-77.336783,38.948677
-77.199085,38.931449
-77.418644,38.631174
-77.208216,38.924960
-77.120631,38.846888
-77.225962,38.858885
-77.227489,38.866745
-77.522481,38.808394
-77.294720,38.609733
-77.384865,39.021380
-77.304240,38.780093
-77.358715,38.659477
-77.085305,38.742322
-77.227610,38.882016
-77.266070,38.811443
-77.400056,39.036364
-77.216917,38.758731
-77.202842,38.902576
-77.433517,38.894995
-77.399721,39.051609
-77.321013,38.680773
-77.325320,38.798882
-77.281686,38.873449
-77.431864,38.844808
-77.226455,38.915391
-77.290149,38.650843
-77.440610,38.658435
-77.240259,38.810897
-77.433440,38.734250
-77.171708,38.774945
-77.200236,38.866049
-77.165209,38.818112
-77.313252,38.629197
-77.441170,38.826173
-77.132942,38.773398
-77.299290,38.786667
-77.258418,38.681268
-77.389402,38.860921
-77.302438,38.650894
-77.260150,38.672772
-77.342348,38.656838
-77.265266,38.864981
-77.334466,38.957990
-77.366087,38.861232
-77.136475,38.788165
-77.236026,38.875106
-77.171157,38.837372
-77.349637,38.852409
-77.393345,38.841147
-77.327291,38.677673
-77.449997,38.855783
-77.171083,38.768673
-77.404841,38.839995
-77.194761,38.777558
-77.317627,38.631234
-77.378250,38.860527
-77.302411,38.787585
-77.344695,38.833730
-77.166919,38.837756
-77.274727,38.634171
-77.283592,38.678770
-77.223342,38.901929
-77.186586,38.782365
-77.348340,38.849669
-77.342758,38.850420
-77.316732,38.652569
-77.411355,38.839484
-77.238814,38.836825
-77.360762,38.608265
-77.497346,38.920685
-77.268852,38.676775
-77.320392,38.634096
-77.382750,39.050782
-77.227072,38.931921
-77.415068,39.037158
-77.322021,38.941423
-77.174147,38.825289
-77.227991,38.924901
-77.275875,38.618850
-77.334310,38.831756
-77.168730,38.777731
-77.345391,39.000472
-77.422117,38.835437
-77.190145,38.829431
-77.351910,38.954884
-77.425409,39.027582
-77.184199,38.801986
-77.203978,38.831531
-77.225857,38.918569
-77.439914,38.837085
-77.372422,38.926990
-77.261851,38.839797
-77.506437,38.767266
-77.384130,38.874043
-77.245694,38.837702
-77.068961,38.786560
-77.434604,38.886816
-77.520581,38.787737
-77.211286,38.699963
-77.219409,38.853545
-77.136305,38.786753
-77.143275,38.767143
-77.292314,38.636706
-77.267758,38.883047
-77.145926,38.782114
-77.308959,38.583740
-77.333764,38.673095
-77.404859,38.900002
-77.456480,38.834780
-77.189063,38.778564
-77.334212,38.592821
-77.150747,38.781130
-77.179992,38.772379
-77.288281,38.826380
-77.232980,38.933052
-77.255271,38.942846
-77.272000,38.654639
-77.393809,39.049771
-77.463675,38.891110
-77.447339,39.007739
-77.303398,38.627396
-77.171854,38.778142
-77.226833,38.874521
-77.433782,38.838561
-77.264423,38.951269
-77.225936,38.704759
-77.354504,38.958696
-77.219427,38.704763
-77.222323,38.705569
-77.357207,38.955314
-77.134793,38.775316
-77.180050,38.934774
-77.370905,39.014076
-77.262125,38.711400
-77.153530,38.764621
-77.131674,38.851766
-77.222712,38.910041
-77.586572,38.802738
-77.398931,38.944905
-77.412680,38.830575
-77.279575,38.783836
-77.155974,38.872514
-77.266582,38.775942
-77.183852,38.772838
-77.265756,38.800503
-77.151579,38.943351
-77.161546,38.924049
-77.315263,38.977619
-77.160325,38.802374
-77.402888,38.844377
-77.227721,38.704550
-77.182627,38.769984
-77.354319,38.960164
-77.196154,38.830486
-77.139694,38.751943
-77.392403,38.858784
-77.355227,39.005902
-77.347720,38.953245
-77.194538,38.831122
-77.364548,38.948976
-77.233768,38.921064
-77.359086,38.954304
-77.367761,38.954622
-77.398954,38.855691
-77.329261,38.941650
-77.142588,38.820410
-77.316446,38.827395
-77.225058,38.892372
-77.305096,38.933443
-77.241035,38.863897
-77.281033,38.678447
-77.622909,38.793280
-77.422563,39.028053
-77.549017,39.101317
-77.217210,38.704010
-77.548104,39.136589
-77.469588,39.018558
-77.369522,38.870137
-77.520599,38.803456
-77.352324,38.678419
-77.537546,38.770225
-77.541205,38.767830
-77.475868,39.061358
-77.425242,38.223631
-77.440817,38.688970
-77.438389,38.880121
-77.296265,38.636123
-77.335507,38.642396
-77.338612,38.646946
-77.356783,39.040456
-77.346059,38.626112
-77.719929,39.198013
-77.407186,39.022400
-77.299816,38.639942
-77.336479,38.672855
-77.428311,38.838723
-77.357451,39.035978
-77.615206,39.149064
-77.449156,38.708254
-77.307056,38.648017
-77.313590,38.647638
-77.363484,39.010992
-77.312780,38.684868
-77.534588,39.215837
-77.371286,39.012641
-77.299225,38.627406
-77.374382,38.631402
-77.362805,39.012313
-77.360496,39.043061
-77.411419,38.977127
-77.744967,39.219826
-77.301025,38.683220
-77.391704,39.025042
-77.612483,38.796042
-77.303886,38.973848
-77.280063,38.633010
-77.680003,39.187373
-77.530266,38.738237
-77.304562,38.683769
-77.533966,38.951904
-77.255916,38.693542
-77.413312,38.819854
-77.394720,38.617716
-77.315029,38.574496
-77.513358,39.097314
-77.518170,38.917651
-77.179042,38.781367
-77.515608,39.057603
-77.479429,39.077135
-77.347929,38.603890
-77.255392,38.872486
-77.573302,38.805968
-77.260079,38.706169
-77.601302,38.803715
-77.439665,38.877490
-77.294635,38.601463
-77.221623,38.705517
-77.662720,38.783159
-77.248658,38.662971
-77.256492,38.699602
-77.093685,38.736630
-77.277600,38.719888
-77.554802,38.757928
-77.528228,38.774849
-77.638090,38.854721
-77.267357,38.639507
-77.486799,39.008658
-77.551464,38.794271
-77.518608,38.783598
-77.524557,38.740038
-77.330960,38.665596
-77.509179,38.788775
-77.262619,38.985072
-77.492117,38.970144
-77.363713,38.678144
-77.419396,38.917305
-77.344286,39.000872
-77.313508,38.626220
-77.650344,38.786373
-77.430019,38.989473
-77.450960,38.889900
-77.437012,38.987936
-77.421541,38.910934
-77.114138,38.725971
-77.424827,38.901779
-77.248084,38.662529
-77.397434,39.035779
-77.448235,39.027996
-77.308869,38.615059
-77.404131,38.932527
-77.260826,38.984045
-77.423493,38.904783
-77.433035,38.988861
-77.131915,38.849294
-77.375450,38.859705
-77.566758,38.757613
-77.481380,38.828997
-77.440777,39.008730
-77.264532,38.986192
-77.496138,39.082801
-77.400457,39.003798
-77.278901,38.624267
-77.511565,38.788116
-77.531953,39.020501
-77.486231,38.246652
-77.471204,39.037237
-77.638327,38.853478
-77.488618,38.450907
-77.545152,38.845064
-77.452095,38.773425
-77.419652,38.464900
-77.316397,38.576650
-77.548888,38.845029
-77.455226,38.469783
-77.565652,38.287534
-77.252683,38.809277
-77.482553,38.995279
-77.427221,38.899169
-77.478142,38.455117
-77.571937,38.752080
-77.432735,39.004746
-77.542567,38.844440
-77.577368,38.741361
-77.333829,38.647142
-77.263218,38.870562
-77.638165,38.854099
-77.519882,39.044650
-77.363572,38.633861
-77.485976,39.065549
-77.248057,38.705587
-77.428954,39.013650
-77.520549,38.741540
-77.365776,38.846931
-77.468306,39.017501
-77.370631,38.614400
-77.267143,38.651377
-77.264073,38.651091
-77.141944,38.817750
-77.571057,38.753329
-77.396753,38.657746
-77.489713,39.009840
-77.297189,38.776365
-77.311934,38.948397
-77.666086,38.787088
-77.508398,38.925085
-77.413247,38.937148
-77.397073,38.949329
-77.347404,38.853025
-77.484279,39.064223
-77.386883,38.649414
-77.446867,38.314452
-77.515033,38.763291
-77.379360,38.859182
-77.283282,38.909014
-77.353988,38.948993
-77.402530,38.669013
-77.480364,39.021642
-77.393938,38.948602
-77.635736,38.821106
-77.580136,38.732858
-77.575560,38.732713
-77.496617,38.362878
-77.195995,38.274015
-77.211004,38.277839
-77.166309,38.823350
-77.239083,38.831293
-77.212163,38.743593
-77.482764,39.077308
-77.275507,38.957510
-77.228949,38.880701
-77.598026,38.206057
-77.493836,38.218998
-77.484579,39.014468
-77.492516,38.219537
-77.604827,38.202644
-77.524481,38.369587
-77.591412,38.206249
-77.589512,38.201097
-77.581485,38.208111
-77.210744,38.745763
-77.117702,38.854053
-77.215742,38.754240
-77.478212,38.455073
-77.206934,38.748144
-77.227554,38.878433
-77.213900,38.922670
-77.219610,38.811250
-77.422105,38.475236
-77.536787,38.654908
-77.275161,38.875639
-77.218975,38.922704
-77.622573,38.963268
-77.622825,38.971087
-77.626041,38.970401
-77.613960,38.965844
-77.557522,38.793017
-77.165434,38.743082
-77.500256,39.053743
-77.638699,38.843473
-77.522335,38.938320
-77.543684,38.925693
-77.637390,38.857550
-77.645337,38.816640
-77.216572,38.929140
-77.213010,38.928295
-77.269365,38.870314
-77.138941,38.855565
-77.216438,38.909957
-77.450841,39.056297
-77.451349,39.052364
-77.230558,38.880861
-77.220710,38.762170
-77.218853,38.920332
-77.216685,38.919872
-77.747099,38.967058
-77.328129,38.830619
-77.187061,38.746627
-77.381592,38.865333
-77.245805,38.929047
-77.548063,38.761869
-77.534038,38.754020
-77.286031,38.660047
-77.647327,38.817563
-77.226109,38.854522
-77.452920,38.877541
-77.692056,39.137567
-77.382250,38.865321
-77.271541,38.877006
-77.227095,38.870590
-77.220460,38.875749
-77.551438,38.776175
-77.216436,38.758472
-77.213631,38.758601
-77.552912,39.075398
-77.232113,38.919606
-77.498144,38.772296
-77.607825,38.787007
-77.377004,38.827058
-77.365445,38.960612
-77.497880,39.086277
-77.468906,38.987650
-77.380269,38.887809
-77.426019,38.953388
-77.337999,38.949188
-77.339416,38.949530
-77.621732,38.753068
-77.353191,38.822792
-77.530688,38.975709
-77.537916,38.936619
-77.547097,38.937636
-77.279602,38.656453
-77.498550,38.912090
-77.429788,38.836655
-77.514225,38.895476
-77.233091,38.881065
-77.324639,38.659905
-77.515509,38.979157
-77.516584,38.967713
-77.521977,38.937097
-78.838360,38.038420
-78.835290,37.949769
-78.876299,37.752870
-79.014620,37.723670
-78.932770,37.708293
-79.052220,37.584911
-78.474050,37.543578
-78.613990,37.538449
-78.492090,37.528985
-79.118960,37.482748
-79.118770,37.481577
-79.118170,37.478062
-79.119690,37.469360
-79.119051,37.466588
-79.088389,37.463401
-79.119290,37.461211
-79.121840,37.453196
-79.119950,37.441573
-79.121060,37.439467
-79.123320,37.436194
-79.123693,37.434663
-79.123241,37.422472
-79.122130,37.421738
-79.119453,37.420238
-79.913500,37.408520
-79.908090,37.396549
-79.744041,37.391898
-79.902540,37.387330
-79.100460,37.386067
-79.242790,37.385430
-79.141360,37.383495
-79.716980,37.378974
-79.248280,37.378650
-79.245003,37.377836
-79.249150,37.375670
-79.303250,37.370619
-79.253320,37.370120
-79.180260,37.369568
-79.908630,37.369400
-79.251779,37.368195
-79.174940,37.367515
-79.258719,37.367342
-79.297535,37.367268
-79.278376,37.365794
-79.172135,37.365727
-79.172271,37.365463
-79.287680,37.364530
-78.834098,37.363211
-78.832590,37.362126
-78.825390,37.357218
-79.928850,37.356450
-79.884020,37.352670
-79.280900,37.351902
-79.941200,37.351420
-78.975860,37.349983
-79.950660,37.348090
-79.238010,37.347140
-79.844420,37.346650
-79.955440,37.346190
-79.233400,37.346144
-79.962350,37.344510
-79.234580,37.344281
-79.282970,37.343220
-79.236080,37.342082
-79.970360,37.339850
-79.239030,37.338404
-80.808265,37.337441
-80.751600,37.334830
-80.805330,37.334780
-79.242180,37.334418
-79.954820,37.334160
-79.191680,37.333944
-79.191680,37.333944
-79.243100,37.333162
-79.191420,37.330656
-79.251020,37.330655
-79.872650,37.329573
-79.246420,37.329101
-80.735740,37.327530
-80.040950,37.327460
-80.708047,37.326782
-80.735140,37.326400
-79.190100,37.325874
-80.035501,37.325723
-79.869120,37.325190
-79.936170,37.324030
-79.497130,37.323670
-80.032403,37.323500
-79.871262,37.323058
-79.494350,37.322891
-79.231820,37.322734
-79.934200,37.321110
-79.946200,37.321010
-79.873390,37.320960
-79.188750,37.318752
-79.184473,37.312243
-79.885416,37.311253
-79.308320,37.305860
-79.272490,37.305707
-78.403740,37.303765
-79.849610,37.284430
-79.941185,37.282413
-82.103070,37.281078
-79.168054,37.280389
-79.865600,37.279550
-82.099270,37.278810
-80.123960,37.278480
-79.870100,37.278350
-79.099480,37.277602
-79.089510,37.276202
-80.130080,37.275760
-78.285730,37.272785
-79.790490,37.269914
-79.792370,37.269780
-79.112791,37.268994
-78.406940,37.267111
-79.146190,37.262198
-80.036280,37.255620
-82.106876,37.255126
-79.186400,37.253417
-82.108260,37.251300
-80.037030,37.250220
-82.104770,37.246670
-78.443750,37.246013
-78.443750,37.246013
-80.431430,37.245890
-80.030720,37.245260
-81.238360,37.242400
-81.250120,37.241630
-82.075090,37.239210
-82.103040,37.237562
-81.248460,37.237540
-79.988560,37.236700
-79.970800,37.234520
-80.006490,37.234341
-80.018050,37.233380
-82.099500,37.232300
-80.010949,37.232203
-80.009900,37.231540
-79.973670,37.231520
-80.008460,37.229940
-79.976310,37.229490
-80.005883,37.229289
-79.980880,37.228510
-79.978010,37.228060
-79.999940,37.227340
-79.556580,37.227177
-79.979820,37.227000
-79.559810,37.226099
-79.556110,37.225981
-79.557760,37.225980
-79.969380,37.225470
-79.990950,37.224310
-80.013270,37.224030
-79.984520,37.223820
-79.560390,37.223077
-79.991680,37.222580
-79.967940,37.222216
-80.014780,37.221990
-79.985900,37.221970
-79.963986,37.217808
-80.017500,37.217640
-80.419152,37.217362
-80.433980,37.214894
-81.362370,37.214600
-82.006530,37.213490
-80.431930,37.213180
-80.429970,37.211340
-82.002482,37.210176
-80.235500,37.206730
-81.973360,37.205000
-79.952720,37.204980
-79.949745,37.203071
-80.401340,37.197750
-80.402910,37.194010
-81.953614,37.193584
-79.613790,37.189865
-80.407060,37.187950
-79.616810,37.186216
-79.936360,37.185999
-80.408670,37.185530
-80.397382,37.183979
-79.935910,37.183830
-82.336540,37.182180
-80.413510,37.179830
-79.936360,37.177790
-80.418160,37.176020
-79.942103,37.171684
-80.515910,37.171510
-80.518850,37.171504
-80.512970,37.171283
-80.538430,37.169550
-80.421500,37.169250
-79.635211,37.166440
-79.636644,37.165392
-80.415650,37.164610
-80.418076,37.164319
-80.423550,37.163710
-80.425480,37.163340
-80.422910,37.161670
-80.421790,37.160260
-80.561900,37.155790
-82.447690,37.154620
-80.414900,37.154310
-81.150242,37.152772
-80.414690,37.152250
-80.581710,37.150680
-80.583080,37.149790
-82.462620,37.149760
-82.455790,37.149100
-82.459440,37.148440
-80.586360,37.146790
-80.580000,37.142700
-80.576190,37.140020
-81.132889,37.137176
-79.288960,37.134809
-80.373880,37.134000
-79.711070,37.121221
-79.274170,37.120826
-79.712900,37.120160
-79.715130,37.119607
-80.421239,37.118486
-79.279480,37.116134
-79.954250,37.114370
-79.282840,37.113709
-79.285630,37.111721
-79.286980,37.110723
-81.625760,37.109340
-79.289880,37.108650
-79.291940,37.107838
-80.686000,37.105530
-79.816130,37.104570
-79.816130,37.104570
-80.690840,37.102130
-79.303180,37.101112
-80.720760,37.099240
-80.689170,37.094970
-80.689170,37.094970
-81.799800,37.094909
-81.813950,37.094260
-80.688840,37.094217
-81.816730,37.094020
-81.816730,37.094020
-81.821090,37.093920
-81.834670,37.092330
-80.687610,37.092300
-80.690010,37.083880
-80.707720,37.081830
-81.754550,37.079910
-79.897360,37.071510
-80.700240,37.069140
-81.755670,37.067530
-81.733820,37.066930
-81.740677,37.064522
-81.752060,37.062540
-78.944440,37.049671
-79.880470,37.048056
-79.877765,37.045212
-81.796890,37.037790
-79.858580,37.017870
-79.865640,37.015010
-79.867680,37.013530
-79.869010,37.012270
-79.871740,37.010050
-79.873896,37.008699
-79.871340,37.008640
-82.592700,36.996360
-79.920130,36.982950
-82.593636,36.976397
-82.594667,36.974191
-79.862860,36.968655
-82.595520,36.968440
-81.931570,36.959460
-81.931500,36.959410
-81.931250,36.959160
-82.605820,36.959100
-82.605800,36.959090
-79.877640,36.958336
-79.879260,36.955880
-79.880460,36.953777
-79.362770,36.947225
-80.947930,36.944950
-82.470230,36.942790
-82.458730,36.942510
-82.484040,36.940340
-82.608250,36.939000
-80.999370,36.937660
-80.990850,36.937430
-79.011590,36.935618
-80.941520,36.930100
-80.320200,36.911190
-81.273720,36.909980
-82.036380,36.908580
-82.310830,36.906240
-82.317040,36.904920
-82.046860,36.902630
-82.311840,36.902470
-82.786060,36.900460
-81.759850,36.882780
-81.762289,36.881547
-82.300750,36.874026
-82.300380,36.871770
-82.300320,36.869696
-82.774070,36.867700
-82.756000,36.862390
-81.735210,36.855800
-82.756760,36.853920
-79.916550,36.841670
-79.916550,36.841670
-79.918630,36.838270
-82.146420,36.827520
-79.398130,36.824876
-82.145430,36.824440
-82.140790,36.822980
-82.147530,36.821550
-81.682490,36.798850
-80.777490,36.797820
-79.933910,36.793310
-80.772320,36.790530
-80.762970,36.789510
-79.393810,36.789030
-80.756530,36.785820
-81.736670,36.781760
-78.813720,36.780001
-78.904260,36.779440
-80.709890,36.776800
-78.920160,36.774272
-81.780930,36.769480
-80.031070,36.763604
-80.729400,36.763450
-80.729400,36.763440
-80.734580,36.762750
-83.021490,36.761186
-83.014980,36.761160
-83.021510,36.761090
-81.648760,36.755930
-79.980150,36.750890
-83.047850,36.749010
-82.053990,36.748360
-79.937840,36.747220
-82.052290,36.746400
-80.772900,36.745630
-82.050160,36.744720
-80.775570,36.744560
-78.922800,36.741632
-79.954670,36.740260
-79.954670,36.740260
-79.956803,36.738321
-79.883550,36.738020
-80.394760,36.737618
-79.960230,36.734850
-79.924460,36.733970
-79.915160,36.731390
-79.956818,36.730999
-79.956940,36.730970
-79.882630,36.730440
-79.383140,36.729950
-82.031520,36.729320
-79.918750,36.728880
-79.916580,36.725430
-83.099748,36.724367
-82.019090,36.724010
-79.882160,36.723670
-82.015040,36.721895
-82.013700,36.721330
-79.913180,36.720690
-82.007590,36.718120
-80.333223,36.717804
-79.908490,36.713450
-81.927530,36.712260
-82.792540,36.711760
-78.883920,36.709907
-81.995528,36.706204
-81.914320,36.702510
-79.904450,36.701260
-81.974540,36.699150
-79.366760,36.697004
-79.897940,36.695880
-79.954360,36.695210
-79.830500,36.691570
-79.367560,36.689275
-83.109950,36.689210
-83.110980,36.688900
-78.887210,36.688797
-83.110460,36.688480
-78.900120,36.687323
-79.817730,36.686210
-79.812990,36.685313
-83.126210,36.684480
-82.040890,36.679090
-80.698970,36.678563
-82.046022,36.675942
-78.928300,36.674270
-79.745380,36.673270
-79.374390,36.670580
-79.881650,36.670140
-82.071510,36.662190
-79.871740,36.655330
-79.874340,36.653239
-82.085210,36.653010
-79.869959,36.650109
-80.275078,36.644569
-79.864140,36.644250
-82.101180,36.641980
-80.246366,36.641861
-80.265680,36.641300
-82.579240,36.639066
-79.487520,36.638900
-82.570980,36.638760
-82.110638,36.638488
-83.431770,36.637850
-82.567070,36.637709
-79.859110,36.637350
-80.269710,36.636140
-80.200000,36.633550
-82.552400,36.632260
-80.195723,36.631547
-80.195723,36.631547
-79.879660,36.631350
-82.552400,36.630500
-82.121550,36.629862
-79.859430,36.627610
-82.558430,36.624880
-79.607880,36.622770
-81.152080,36.622280
-79.860220,36.621920
-81.145460,36.621800
-82.568050,36.616430
-79.527461,36.604728
-79.523121,36.604494
-79.861936,36.600677
-79.861936,36.600677
-79.862750,36.586960
-79.862750,36.586960
-79.262080,36.580627
-79.863080,36.578920
-79.858600,36.576840
-79.461545,36.547547
